Model,Macro F1,Balanced Accuracy
Random Forest,0.938061938061938,0.9166666666666667
XGBoost,0.9800963081861958,0.9722222222222222
