Model,Accuracy,Macro_F1,Balanced_Accuracy
RandomForest,0.9545214172395559,0.8275689269361785,0.8309112557402571
XGBoost,0.9577472236911687,0.8288997267349412,0.8330338266384778
