Model,F1_Macro,Balanced_Accuracy
rf,0.9800963081861958,0.9722222222222222
lgb,0.9594771241830065,0.9444444444444444
Stacked Ensemble,0.9800963081861958,0.9722222222222222
